keyframe,q0,q1,q2,q3,q4,q5,q6
1,-0.011756714448197025,-0.43273568756969035,-0.3890650431792025,-2.2296295810262558,-0.21104117529063588,1.8529360799616375,-0.3101808452240778
